id,name,password,email
ID001,test001,Kqf7G2pX,test001@example.com
ID002,test002,j9sL3aRw,test002@example.com
ID003,test003,Zp5vN8uE,test003@example.com
ID004,test004,eG4hT1yB,test004@example.com
ID005,test005,rW9kP6zD,test005@example.com
ID006,test006,mC2fV7bA,test006@example.com
ID007,test007,nJ8xL5oQ,test007@example.com
ID008,test008,aS3dF6gH,test008@example.com
ID009,test009,qW1eR4tY,test009@example.com
ID010,test010,uI7oP0zX,test010@example.com
ID011,test011,bV5cE8xZ,test011@example.com
ID012,test012,yT2rU9iO,test012@example.com
ID013,test013,hJ6kL1aS,test013@example.com
ID014,test014,dF4gG7hJ,test014@example.com
ID015,test015,zX9cV3bN,test015@example.com
ID016,test016,pL8kM1jH,test016@example.com
ID017,test017,oI2uY5tT,test017@example.com
ID018,test018,wE6rR9qA,test018@example.com
ID019,test019,vB7nN4mC,test019@example.com
ID020,test020,fG3hJ6kL,test020@example.com
